,target,grna,frame,ensg,ensg_strand,grna_strand,chromosome,cutsite,Notes
2257,AEBP1,AGACCTACACAGTGAACTTT,0,ENSG00000106624,1,1,7,44114246,Automatically found
2258,AEBP2,CTAGAACAATGCCGCAGAAG,0,ENSG00000139154,1,1,12,19518099,Automatically found
2259,AEBP2,TGCCGCAGAAGAGGTTGAAG,0,ENSG00000139154,1,1,12,19518108,Automatically found
2260,AHCTF1,TTTCTGCGTAAAATTTGCTT,0,ENSG00000153207,-1,1,1,246840832,Automatically found
2261,AIRE,CCGGCCATCTGGGGTCAGGA,0,ENSG00000160224,1,-1,21,44297724,Automatically found
2262,AKAP8,GGAAATGAGCATCATTCTGT,0,ENSG00000105127,-1,1,19,15354920,Automatically found
2263,ANKZF1,ATCATCGCCGTCAGGCAGGG,0,ENSG00000163516,1,1,2,219236427,Automatically found
2264,ANKZF1,GCTGTAAGAGATCAGGAAGA,0,ENSG00000163516,1,-1,2,219236439,Automatically found
2265,ARNT,CAATAGTTCTATTCTGAAAA,0,ENSG00000143437,-1,1,1,150812029,Automatically found
2266,ARNT2,GGCCGCAGCTACTCAGAAAA,0,ENSG00000172379,1,-1,15,80593689,Automatically found
2267,ARNTL,TGTAGTGTTTACAGCGGCCA,0,ENSG00000133794,1,-1,11,13386747,Automatically found
2268,ARNTL,GCAACATGTAGTGTTTACAG,0,ENSG00000133794,1,-1,11,13386753,Automatically found
2269,ARX,CGGGCAAGGAGGTGTGCTAA,0,ENSG00000004848,-1,-1,23,25004672,Automatically found
2270,ASCL1,ACTTCACCAACTGGTTCTGA,0,ENSG00000139352,1,1,12,102958952,Automatically found
2271,ASCL2,TCGACTTCTCCAGCTGGTTA,0,ENSG00000183734,-1,-1,11,2269765,Automatically found
2272,ASCL3,ACTCAAACAATTCTGAACAT,0,ENSG00000176009,-1,1,11,8937630,Automatically found
2273,ASCL4,CCAGCAGCGAGCCCGAGGAG,0,ENSG00000187855,1,1,12,107775722,Automatically found
2274,ASH1L,GATCAGGCAGGAAACTGCGA,0,ENSG00000116539,-1,-1,1,155337704,Automatically found
2275,ATF4,AAGAGGTCCGCAAGGCAAGG,0,ENSG00000128272,1,1,22,39522578,Automatically found
2276,ATF5,TCATCGAGGTTTACAAGGCC,0,ENSG00000169136,1,1,19,49933062,Automatically found
2277,ATF6,GGGTGCTATTGTAATGACTC,0,ENSG00000118217,1,-1,1,161958642,Automatically found
2278,BACH2,CACTAGGTATAATCTTTCCT,0,ENSG00000112182,-1,1,6,89932422,Automatically found
2279,BARHL1,AGCCGACGGGCGCCTCACCG,0,ENSG00000125492,1,-1,9,132589519,Automatically found
2280,BARHL2,CACCGGGGGTGTGGGGTGCC,0,ENSG00000143032,-1,1,1,90712329,Automatically found
2281,BARHL2,TCCCAGGCACCCCACACCCC,0,ENSG00000143032,-1,-1,1,90712320,Automatically found
2282,BARX1,ACAGGAGCCGCGAGGACTGA,0,ENSG00000131668,-1,-1,9,93952166,Automatically found
2283,BARX2,TTACTTTAGCTTAATGGTGG,0,ENSG00000043039,1,-1,11,129451390,Automatically found
2284,BATF3,GAGTGTCCCCGGCTTCATCG,0,ENSG00000123685,-1,1,1,212686793,Automatically found
2285,BCL11A,ATGATATAAAAACTGAATAG,0,ENSG00000119866,-1,-1,2,60460406,Automatically found
2286,BCL11B,TCAAAATCGAGCAGGCCGAG,0,ENSG00000127152,-1,-1,14,99174162,Automatically found
2287,BCL6B,TGCACTACCACATTCTCGGG,0,ENSG00000161940,1,1,17,7027607,Automatically found
2288,BHLHA9,CTCGAGGCCGGTCAGGAGCG,0,ENSG00000205899,1,-1,17,1271265,Automatically found
2289,BHLHE23,CAGTGTTTGCAAAGCGCGGA,0,ENSG00000125533,-1,1,20,63006081,Automatically found
2290,BHLHE40,TCTTTGGTTTCTAAGTTTAA,0,ENSG00000134107,1,-1,3,4983671,Automatically found
2291,BHLHE41,ATTCAGGGAGCTTCCTTTCC,0,ENSG00000123095,-1,1,12,26122080,Automatically found
2292,BNC2,GACTAATCTACTGAAGTGAA,0,ENSG00000173068,-1,1,9,16419003,Automatically found
2293,BPTF,TGAAAGGCTTCAAAGCTAGC,0,ENSG00000171634,1,1,17,67975953,Automatically found
2294,BRF2,GTGTCCCTAACCCTCCCTGA,0,ENSG00000104221,-1,-1,8,37844492,Automatically found
2295,BRF2,CCAGTGGATATCCATCAGGG,0,ENSG00000104221,-1,1,8,37844492,Automatically found
2296,BSX,ACGAGGGGGAGCTGGGCTCA,0,ENSG00000188909,-1,-1,11,122977669,Automatically found
2297,BSX,CTGGCGGCTCAGAGCACGTG,0,ENSG00000188909,-1,1,11,122977657,Automatically found
2298,C11orf95,GCGCTGTGTGTCGGGCGTAG,0,ENSG00000188070,-1,-1,11,63763420,Automatically found
2299,CASZ1,CTGCAGCCTCCTCGCCCTAG,0,ENSG00000130940,-1,-1,1,10638944,Automatically found
2300,CBX2,GCGTGGGCTTCTTCAACCTG,0,ENSG00000173894,1,1,17,79785027,Automatically found
2301,CCDC17,ACTTGGGTTCAGAAACTCAC,0,ENSG00000159588,-1,1,1,45620283,Automatically found
2302,CDX1,GGCAGAAACTCCTCTTTCAC,0,ENSG00000113722,1,-1,5,150183659,Automatically found
2303,CDX4,ATAACCTGCTGTATCTCAAT,0,ENSG00000131264,1,-1,23,73454555,Automatically found
2304,CEBPD,CCGCCGGGACAGCAGACTGC,0,ENSG00000221869,-1,-1,8,47737319,Automatically found
2305,CHAMP1,CAAATTTGCTGCTCCTCCAG,0,ENSG00000198824,1,-1,13,114326263,Automatically found
2306,CIC,CAGCTGCCACAGGCAGGTGA,0,ENSG00000079432,1,1,19,42295188,Automatically found
2307,CLOCK,AGGAAGCACGTGTGCTACTG,0,ENSG00000134852,-1,1,4,55435417,Automatically found
2308,CPEB1,AGAACCGAGATTCCAGCTAG,0,ENSG00000214575,-1,-1,15,82544594,Automatically found
2309,CPXCR1,AACATTCATGCAGCTCTTCT,0,ENSG00000147183,1,1,23,88754308,Automatically found
2310,CREBL2,CAAGCAGGCATACCAAGGCT,0,ENSG00000111269,1,1,12,12637683,Automatically found
2311,CRX,GGAAGTTTCAGATCTTGTAG,0,ENSG00000105392,1,1,19,47839964,Automatically found
2312,CSRNP1,AGACATCCTGGTCCTCACAC,0,ENSG00000144655,-1,1,3,39143057,Automatically found
2313,CSRNP3,AATAATTTAAGCTACTAAAC,0,ENSG00000178662,1,-1,2,165679750,Automatically found
2314,CTCF,TCAGCATGATGGACCGGTGA,0,ENSG00000102974,1,1,16,67637869,Automatically found
2315,CUX2,CCCTGGAGTGGGAGTTCTGA,0,ENSG00000111249,1,1,12,111348322,Automatically found
2316,CXXC4,CCAGCGCTGAAGCATTCCGA,0,ENSG00000168772,-1,-1,4,104472336,Automatically found
2317,CXXC5,CCTTCCGGTGGTTTCAGTGA,0,ENSG00000171604,1,1,5,139682904,Automatically found
2318,DACH1,CTGAAAGGACAATACAAGGT,0,ENSG00000276644,-1,-1,13,71475141,Automatically found
2319,DBX2,GAAGCAAGGGTGTACTTACT,0,ENSG00000185610,-1,-1,12,45016300,Automatically found
2320,DLX2,GGGGCGCCCCGGTGAGCGCG,0,ENSG00000115844,-1,-1,2,172100560,Automatically found
2321,DLX3,GGTGCTCAGTACACAGCCCC,0,ENSG00000064195,-1,1,17,49991528,Automatically found
2322,DLX4,CCCCAGATTCACATCATCTG,0,ENSG00000108813,1,-1,17,49973934,Automatically found
2323,DLX6,TGGGCAACTCACATCATCTG,0,ENSG00000006377,1,-1,7,97010038,Automatically found
2324,DMBX1,TGGAAGCCAGACAGTCAGTT,0,ENSG00000197587,1,-1,1,46512491,Automatically found
2325,DMRTA1,CATTACGGATTGTCCTGATT,0,ENSG00000176399,1,-1,9,22451896,Automatically found
2326,DNMT3A,CACGCAAAATACTCCTTCAG,0,ENSG00000119772,-1,1,2,25234302,Automatically found
2327,DNTTIP1,GGGACCCGGCCTCAGGTCTG,0,ENSG00000101457,1,-1,20,45811189,Automatically found
2328,DOT1L,CAGGCGGCACAGTTGGAGGT,0,ENSG00000104885,1,1,19,2227126,Automatically found
2329,DRAP1,TCTTCTTCGTCCTCTTCATC,0,ENSG00000175550,1,-1,11,65921405,Automatically found
2330,DRGX,AGGCAGAGAAGAGTGTATGA,0,ENSG00000165606,-1,-1,10,49366118,Automatically found
2331,DUXA,ATTTCTCTGGAGCCAGAACG,0,ENSG00000258873,-1,-1,19,57154420,Automatically found
2332,DZIP1,GCTTAGTAACTGTGACTGAT,0,ENSG00000134874,-1,-1,13,95582260,Automatically found
2333,E2F3,CACATGAAGTCTTCCACCAG,0,ENSG00000112242,1,-1,6,20490406,Automatically found
2334,E2F4,GTCAGTCAGAGGTTGAGAAC,0,ENSG00000205250,1,-1,16,67198111,Automatically found
2335,EBF1,AGGCAATTCTTTCACATAGG,0,ENSG00000164330,-1,1,5,158699116,Automatically found
2336,EBF1,TCAAGGCAATTCTTTCACAT,0,ENSG00000164330,-1,1,5,158699113,Automatically found
2337,EBF2,AAAGCAGTTCTTCTTTACAT,0,ENSG00000221818,-1,1,8,25844611,Automatically found
2338,EBF3,TCTTGCAGCTATGTCTGGGC,0,ENSG00000108001,-1,-1,10,129837951,Automatically found
2339,EEA1,TCAATGACTTGCAAGGATAA,0,ENSG00000102189,-1,-1,12,92776013,Automatically found
2340,EGR1,GGACAATTGAAATTTGCTAA,0,ENSG00000120738,1,1,5,138468078,Automatically found
2341,EHF,TTGGGAAGAATGCCCGAGGA,0,ENSG00000135373,1,1,11,34658907,Automatically found
2342,ELF1,TATATTAACTAAAAAGAGTT,0,ENSG00000120690,-1,1,13,40933433,Automatically found
2343,ELF3,TTCTCCAGAGTCGGAACTGA,0,ENSG00000163435,1,1,1,202015320,Automatically found
2344,ELF4,CCCTTTGCTTATATGTCATG,0,ENSG00000102034,-1,1,23,130066729,Automatically found
2345,ELF5,TTGGAAAAAATGCACACGGG,0,ENSG00000135374,-1,-1,11,34480241,Automatically found
2346,ELK1,GGTAGTAGTCATGGCTTCTG,0,ENSG00000126767,-1,1,23,47636837,Automatically found
2347,ELK3,GAGTTTGAAGAAAGCAGTAC,0,ENSG00000111145,1,-1,12,96267150,Automatically found
2348,ELK4,GGTTATGTCTTCTGTAGGTC,0,ENSG00000158711,-1,1,1,205616560,Automatically found
2349,EMX2,GAGGTCACGTCTATTTCCTC,0,ENSG00000170370,1,-1,10,117548205,Automatically found
2350,EOMES,ACACCTCAAAAGGCATGGGA,0,ENSG00000163508,-1,-1,3,27717102,Automatically found
2351,ERF,TGGAGCACCGAGACTCCTGA,0,ENSG00000105722,-1,-1,19,42248467,Automatically found
2352,ERG,TAGTAAGTGCCCAGATGAGA,0,ENSG00000157554,-1,1,21,38383423,Automatically found
2353,ESR1,GGGAGCTCTCAGACCGTGGC,0,ENSG00000091831,1,-1,6,152098957,Automatically found
2354,ESR2,GCCAGGCGTCACTGAGACTG,0,ENSG00000140009,-1,1,14,64233145,Automatically found
2355,ESX1,AATACCTTACTTTAGAAAAA,0,ENSG00000123576,-1,1,23,104250233,Automatically found
2356,ETS1,AGCCAGATGCCGACGAGTGA,0,ENSG00000134954,-1,-1,11,128462363,Automatically found
2357,ETV1,TACACGTAGCCTTCGTTGTA,0,ENSG00000006468,-1,1,7,13895886,Automatically found
2358,ETV2,CGGACTGTGCGGGAGGCGGA,0,ENSG00000105672,1,1,19,35644828,Automatically found
2359,ETV3,GCTGCTGTTGCCAAGCCCTG,0,ENSG00000117036,-1,1,1,157124870,Automatically found
2360,ETV3L,TCTAGTTAAGGAGGATCCAA,0,ENSG00000253831,-1,1,1,157092660,Automatically found
2361,ETV3L,ACCTTCCTCTCTAGTTAAGG,0,ENSG00000253831,-1,1,1,157092651,Automatically found
2362,ETV4,TAGTAAGAGTAGCCACCCTT,0,ENSG00000175832,-1,1,17,43528536,Automatically found
2363,ETV6,ACCAAGAAGATGAATGCTGA,0,ENSG00000139083,1,1,12,11891043,Automatically found
2364,ETV7,GGCCAGAAATCTCTCCGTGA,0,ENSG00000010030,-1,-1,6,36366647,Automatically found
2365,EVX2,CGACGTAGTTATCTGGTGAG,0,ENSG00000174279,-1,1,2,176080115,Automatically found
2366,FAM170A,TTTGCTCACTTCCTGTCCTT,0,ENSG00000164334,1,-1,5,119634726,Automatically found
2367,FAM170A,TGTTTCATTCTCCAAAGGAC,0,ENSG00000164334,1,1,5,119634726,Automatically found
2368,FAM200B,TTCATAAGTTCATTCCAGTC,0,ENSG00000237765,1,-1,4,15688912,Automatically found
2369,FAM200B,ACTGGAATGAACTTATGAAC,0,ENSG00000237765,1,1,4,15688927,Automatically found
2370,FEZF2,CCTCCGCAAAGGACCTGACT,0,ENSG00000153266,-1,-1,3,62370103,Automatically found
2371,FIGLA,AAGTAGAACTGCTGAGTCAC,0,ENSG00000183733,-1,-1,2,70777641,Automatically found
2372,FLI1,TAGTAGCTGCCTAAGTGTGA,0,ENSG00000151702,1,-1,11,128810967,Automatically found
2373,FOXA2,TCTTAAGAGGAGTTCATAAT,0,ENSG00000125798,-1,1,20,22581864,Automatically found
2374,FOXB2,CGGTGCTAGTGCACTCCTAG,0,ENSG00000204612,1,1,9,77020950,Automatically found
2375,FOXD1,GTGTCGAGAACTTTACTGCT,0,ENSG00000251493,-1,-1,5,73446985,Automatically found
2376,FOXD3,TTGGCGCGTCCCTATTGCGC,0,ENSG00000187140,1,-1,1,63324489,Automatically found
2377,FOXD4,GTTCCCTGGCCGAGTCCGCA,0,ENSG00000170122,-1,-1,9,116814,Automatically found
2378,FOXF1,CGGCAGCCTCACATCACGCA,0,ENSG00000103241,1,-1,16,86513076,Automatically found
2379,FOXG1,CAGGGATGTTAATGTATTAA,0,ENSG00000176165,1,-1,14,28768740,Automatically found
2380,FOXI2,GGGAAGGGACCGAAGTTTGA,0,ENSG00000186766,1,1,10,127738962,Automatically found
2381,FOXJ2,AGATCCCTGATGACTTCGAC,0,ENSG00000065970,1,1,12,8052829,Automatically found
2382,FOXM1,GCAGGGCTCTACTGTAGCTC,0,ENSG00000111206,-1,1,12,2858646,Automatically found
2383,FOXN2,AGACACAAAATCAAAAGCAA,0,ENSG00000170802,1,1,2,48375428,Automatically found
2384,FOXN3,TCACCAATCGGACGGCAAAG,0,ENSG00000053254,-1,-1,14,89162452,Automatically found
2385,FOXO1,ATAGCTGGGTGTCAGGCTGA,0,ENSG00000150907,-1,-1,13,40559525,Automatically found
2386,FOXO3,TCCTCAGTGATCCTTCAGCC,0,ENSG00000118689,1,-1,6,108664852,Automatically found
2387,FOXO3,AGAGCTGGGTGCCAGGCTGA,0,ENSG00000118689,1,1,6,108664852,Automatically found
2388,FOXO6,AGAGCTGGGTGCCGGGCTGA,0,ENSG00000204060,1,1,1,41382678,Automatically found
2389,FOXP1,CACTCCATGTCCTCGTTTAC,0,ENSG00000114861,-1,1,3,70959264,Automatically found
2390,FOXP2,CATTCCAGATCTTCAGATAA,0,ENSG00000128573,1,-1,7,114689908,Automatically found
2391,FOXP3,TGATCTTGAGGTCAGGGGCC,0,ENSG00000049768,-1,1,23,49251339,Automatically found
2392,FOXP4,CGGGAGAAGAACTGTCCTAA,0,ENSG00000137166,1,1,6,41598933,Automatically found
2393,FOXR1,GGTTAAAGATCAAAGAGGAA,0,ENSG00000176302,1,-1,11,118981221,Automatically found
2394,FOXR2,AAGAGAGAGGTCAACAACTC,0,ENSG00000189299,1,-1,23,55624620,Automatically found
2395,FOXS1,TACTCAAAGAAGAACATTCC,0,ENSG00000179772,-1,1,20,31844567,Automatically found
2396,FOXS1,GAATGTTCTTCTTTGAGTAA,0,ENSG00000179772,-1,-1,20,31844552,Automatically found
2397,GATA1,TGGCTCCGCTCAGCTCATGA,0,ENSG00000102145,1,1,23,48794161,Automatically found
2398,GATAD2A,CCATCCCCCAGTCAGCCACG,0,ENSG00000167491,1,1,19,19505462,Automatically found
2399,GBX2,TAGAACAGGCCCGGCCCTGA,0,ENSG00000168505,-1,-1,2,236165916,Automatically found
2400,GCM1,AAAGATTTGGGTCATCTCAA,0,ENSG00000137270,-1,1,6,53128211,Automatically found
2401,GFI1,AGGTGGACCTCCGAAGGCAC,0,ENSG00000162676,-1,-1,1,92476058,Automatically found
2402,GLI1,TTGAGGAATTCTGTTTCCCC,0,ENSG00000111087,1,-1,12,57472031,Automatically found
2403,GLI2,TCCTGAACATGATGACCTAG,0,ENSG00000074047,1,1,2,120990672,Automatically found
2404,GLIS1,CCATCTACACAGACACCTGA,0,ENSG00000174332,-1,-1,1,53506621,Automatically found
2405,GLIS2,TGGGCTCAGTTCACCACAGC,0,ENSG00000126603,1,-1,16,4337512,Automatically found
2406,GMEB2,CCATGGCAGAGGACCACGAG,0,ENSG00000101216,-1,-1,20,63590100,Automatically found
2407,GPBP1,CAGATGACGACGATGTGTGA,0,ENSG00000062194,1,1,5,57262749,Automatically found
2408,GRHL1,TCACCCTGACGGAGATCTAA,0,ENSG00000134317,1,1,2,10000704,Automatically found
2409,GSC,ATTTGGACTCGGACAGCTGA,0,ENSG00000133937,-1,-1,14,94768493,Automatically found
2410,GSC2,AGTCATCAGCAGCTCCCCTT,0,ENSG00000063515,-1,1,22,19149002,Automatically found
2411,GSX2,AGGAGATTTCCCCCTTATGA,0,ENSG00000180613,1,1,4,54101919,Automatically found
2412,GTF2B,AGCTGTGGTAGTTTGTCCAC,0,ENSG00000137947,-1,1,1,88853233,Automatically found
2413,GTF2B,GCTGCCTCAATTTATAGCTG,0,ENSG00000137947,-1,1,1,88853218,Automatically found
2414,GTF2I,AGGGAAGAGGTCTACCACGT,0,ENSG00000263001,1,-1,7,74758832,Automatically found
2415,GTF2IRD1,ACTGAGGTCTAGTAATTAAG,0,ENSG00000006704,1,-1,7,74602424,Automatically found
2416,GTF2IRD2,TACTCCACATCGCAACGTGA,0,ENSG00000196275,-1,-1,7,74796664,Automatically found
2417,HBP1,TAATGTTGTTGTGAGCCCTG,0,ENSG00000105856,1,-1,7,107201413,Automatically found
2418,HELT,GCGAGTGGGCGTCAGAGCAC,0,ENSG00000187821,1,-1,4,185020766,Automatically found
2419,HES2,GCCCTGGCCTCTGGCGGCCG,0,ENSG00000069812,-1,-1,1,6418881,Automatically found
2420,HES2,GATCGGCCGAGGGGCTACCA,0,ENSG00000069812,-1,1,1,6418875,Automatically found
2421,HES3,CCGGGGATGACCTGAACTGA,0,ENSG00000173673,1,1,1,6245504,Automatically found
2422,HES4,CCACAGCCTCAGCGCAGCCA,0,ENSG00000188290,-1,1,1,999067,Automatically found
2423,HES5,CAGGTCCCGCCGGGTCACCA,0,ENSG00000197921,-1,1,1,2529471,Automatically found
2424,HES6,CCCGGAGTGTCTGGAGGCCT,0,ENSG00000144485,-1,-1,2,238238835,Automatically found
2425,HES6,CTGGCTGGCATTGGTCACCA,0,ENSG00000144485,-1,1,2,238238829,Automatically found
2426,HES7,CGCCCGCTTTCTGGAGACCT,0,ENSG00000179111,-1,-1,17,8121582,Automatically found
2427,HES7,CCCCCCAAGGCTCAGGGCCA,0,ENSG00000179111,-1,1,17,8121576,Automatically found
2428,HEY1,GCTCCGATCTCCGTCCCCCA,0,ENSG00000164683,-1,1,8,79765211,Automatically found
2429,HEY2,GCTCCAACTTCTGTCCCCCA,0,ENSG00000135547,1,-1,6,125759778,Automatically found
2430,HIC1,TGGCGAGGGGCGCTCTAGGT,0,ENSG00000177374,1,-1,17,2058832,Automatically found
2431,HIC2,CGGGTCTTTGGCTTCTAGGA,0,ENSG00000169635,1,-1,22,21446740,Automatically found
2432,HINFP,CAGAGATCCAGATGGTTTGA,0,ENSG00000172273,1,1,11,119134495,Automatically found
2433,HIVEP1,GCAGCGATGATGACGAGGAC,0,ENSG00000095951,1,1,6,12164437,Automatically found
2434,HIVEP1,GGCTTGTGATAGCAACCTGA,0,ENSG00000095951,1,1,6,12164458,Automatically found
2435,HKR1,CCAACCTTATCAGACATCAG,0,ENSG00000181666,1,1,19,37363754,Automatically found
2436,HMGA2,AGTCTGCCGAAGAGGACTAG,0,ENSG00000149948,1,1,12,65963289,Automatically found
2437,HMX1,GGCGGGGCTCACACCAGGCC,0,ENSG00000215612,-1,1,4,8867701,Automatically found
2438,HMX3,ACCCCTCTGGGGCCTCAGAC,0,ENSG00000188620,1,-1,10,123137728,Automatically found
2439,HNF1B,TGCAGTGTCCTCTACAAGCC,0,ENSG00000275410,-1,-1,17,37687380,Automatically found
2440,HOXA11,CCGCTGGAGTCTTAGAGGAG,0,ENSG00000005073,-1,1,7,27182801,Automatically found
2441,HOXA13,AACTGAAAACCACTAGTTAA,0,ENSG00000106031,-1,-1,7,27198200,Automatically found
2442,HOXB6,AAGAAAAACAGGCCGAGTGA,0,ENSG00000108511,-1,-1,17,48596415,Automatically found
2443,HOXB7,AGGAGGAAGAGGAAGAGTGA,0,ENSG00000260027,-1,-1,17,48607844,Automatically found
2444,HOXC11,CGGTCTGCAGGTTACAGCAG,0,ENSG00000123388,1,-1,12,53975407,Automatically found
2445,HOXC12,AAAAGAAAAGACTTCTGTTG,0,ENSG00000123407,1,1,12,53956536,Automatically found
2446,HOXC4,AACGGGCAGAGGACATTACC,0,ENSG00000198353,1,1,12,54055193,Automatically found
2447,HOXC5,AAAGCAAAGAGGCTCTTTAG,0,ENSG00000172789,1,1,12,54034489,Automatically found
2448,HOXD1,CCCAAGTACCGGCCTCACGA,0,ENSG00000128645,1,-1,2,176190139,Automatically found
2449,HOXD3,CCAAACTGACGCATCTGTAG,0,ENSG00000128652,1,1,2,176172271,Automatically found
2450,HOXD9,GCGCCGGGTCAGTCTCCTTT,0,ENSG00000128709,1,-1,2,176124166,Automatically found
2451,HP1,AAGAAACAGCAAAGAGCTAA,0,ENSG00000094916,-1,-1,12,54241757,Automatically found
2452,HSF1,CGGGGCCTCTAGGAGACAGT,0,ENSG00000185122,1,-1,8,144314321,Automatically found
2453,HSF1,AGGACCCCACTGTCTCCTAG,0,ENSG00000185122,1,1,8,144314327,Automatically found
2454,HSF2,AGTGGCATATCACTATCCAG,0,ENSG00000025156,1,-1,6,122432190,Automatically found
2455,HSF2,GGGATTTAGCTATCTAAAAG,0,ENSG00000025156,1,-1,6,122432208,Automatically found
2456,INSM1,GAGGGCGCGCTCTAGCAGGC,0,ENSG00000173404,1,-1,20,20369794,Automatically found
2457,INSM2,CACTGCGGCCTGGCTGCTGA,0,ENSG00000168348,1,1,14,35535950,Automatically found
2458,IRF3,GCGAGGGCTCAGCTCTCCCC,0,ENSG00000126456,-1,1,19,49659656,Automatically found
2459,IRF5,CCTTGTTATTGCATGCCAGC,0,ENSG00000128604,1,-1,7,128948806,Automatically found
2460,IRF6,GATGGCATTCACAATTACTG,0,ENSG00000117595,-1,1,1,209788422,Automatically found
2461,IRF7,CATTAGACTGGGTTCTAGGC,0,ENSG00000185507,-1,1,11,612647,Automatically found
2462,ISL1,AATGTTCCTCATGCCTCAAT,0,ENSG00000016082,1,-1,5,51393601,Automatically found
2463,ISL2,GGACTCGGCACCATACTGTT,0,ENSG00000159556,1,-1,15,76341805,Automatically found
2464,ISX,GCACAGATGCTGCCCCATTT,0,ENSG00000175329,1,-1,22,35085663,Automatically found
2465,JAZF1,CTGATAATCTCAGCCGACAC,0,ENSG00000153814,-1,1,7,27832832,Automatically found
2466,JAZF1,CGGTGTCGGCTGAGATTATC,0,ENSG00000153814,-1,-1,7,27832820,Automatically found
2467,JDP2,TTCTCGAGCTGCTCGAGCAG,0,ENSG00000140044,1,-1,14,75469451,Automatically found
2468,JRK,CCACAGCAGGTGACAACTGA,0,ENSG00000234616,-1,-1,8,142664354,Automatically found
2469,JUN,TCATGAACCACGTTAACAGT,0,ENSG00000177606,-1,-1,1,58782119,Automatically found
2470,JUND,CGCGCGCGGACTCAGTACGC,0,ENSG00000130522,-1,1,19,18280446,Automatically found
2471,KAT7,AGGTCACTTTAAGTGCCCTT,0,ENSG00000136504,1,-1,17,49827493,Automatically found
2472,KCMF1,TTGGGATGTCATCAAAGAGG,0,ENSG00000176407,1,-1,2,85053403,Automatically found
2473,KCMF1,GAATTGGGATGTCATCAAAG,0,ENSG00000176407,1,-1,2,85053406,Automatically found
2474,KDM1A,ATGCATCTGTCTCACATGCT,0,ENSG00000004487,1,-1,1,23083358,Automatically found
2475,KDM2B,TGTCTGTGAGTGTCCAGTTT,0,ENSG00000089094,-1,-1,12,121430329,Automatically found
2476,KLF10,TTTCCGGTCTGTCACTGTGT,0,ENSG00000155090,-1,1,8,102650137,Automatically found
2477,KLF13,CGGGCTCAGGGCGAGCTGGC,0,ENSG00000169926,1,-1,15,31372287,Automatically found
2478,KLF17,CTGACCTAAGGACCAGCAGC,0,ENSG00000171872,1,-1,1,44130744,Automatically found
2479,KLF4,ACCTCGCCTTACACATGAAG,0,ENSG00000136826,-1,-1,9,107485765,Automatically found
2480,KLF5,ACCTGGCCCTGCATATGAAG,0,ENSG00000102554,1,1,13,73075868,Automatically found
2481,KMT2C,GAGCTGTGAACTGCCGGAAG,0,ENSG00000055609,-1,-1,7,152136846,Automatically found
2482,KMT2D,ACTGTGGAGCCTGGAATTGT,0,ENSG00000167548,-1,-1,12,49021800,Automatically found
2483,KMT2D,GAGCCTGGAATTGTCGGAAA,0,ENSG00000167548,-1,-1,12,49021794,Automatically found
2484,LEF1,ATGTAGGCAGCTGTCATTCT,0,ENSG00000138795,-1,1,4,108063649,Automatically found
2485,LHX1,ACGAGGCGGCCGTGTGGTAG,0,ENSG00000273706,1,1,17,36943128,Automatically found
2486,LHX4,AGGAGAGAAGTTTAAAAAGG,0,ENSG00000121454,1,-1,1,180274573,Automatically found
2487,LHX4,GGGAGGAGAGAAGTTTAAAA,0,ENSG00000121454,1,-1,1,180274576,Automatically found
2488,LHX8,AAGAATTAGGTATGACTTAT,0,ENSG00000162624,1,-1,1,75160883,Automatically found
2489,LIN28A,GTGGCTCAATTCTGTGCCTC,0,ENSG00000131914,1,-1,1,26426446,Automatically found
2490,LIN28B,AGGGGCCTTCAGTTCAAAAA,0,ENSG00000187772,1,1,6,105078765,Automatically found
2491,LTF,TGGAAGCCTGTGAATTCCTC,0,ENSG00000012223,-1,-1,3,46436206,Automatically found
2492,LYL1,GCGTGCGGTCACCGCACCTC,0,ENSG00000104903,-1,1,19,13099327,Automatically found
2493,MAF,CTGGTAAGTACACGATGCTG,0,ENSG00000178573,-1,1,16,79594492,Automatically found
2494,MAFB,ACGACTCACAGAAAGAACTC,0,ENSG00000204103,-1,1,20,40687890,Automatically found
2495,MAFK,CACTAGGATGCAGCCGAGAA,0,ENSG00000198517,1,-1,7,1540360,Automatically found
2496,MAZ,AACCAACTTGGAGCTCACCA,0,ENSG00000103495,1,-1,16,29810228,Automatically found
2497,MBD1,GTCTACTGCTTTCTAGCTCC,0,ENSG00000141644,-1,1,18,50271515,Automatically found
2498,MBD4,ATAAATATCATGACTGGCTT,0,ENSG00000129071,-1,-1,3,129431536,Automatically found
2499,MBNL2,TTTATTTAGCATGCAGTTTG,0,ENSG00000139793,1,-1,13,97391437,Automatically found
2500,MEF2B,CACCGGGTGATCTCCTACCG,0,ENSG00000213999,-1,1,19,19145799,Automatically found
2501,MEF2C,GCATGCGACTTTCTGAAGGA,0,ENSG00000081189,-1,-1,5,88722618,Automatically found
2502,MEF2D,AGAGGATGCGGCTTGATACC,0,ENSG00000116604,-1,-1,1,156467998,Automatically found
2503,MEIS1,GCATGAATATGGGCATGGAG,0,ENSG00000143995,1,1,2,66569084,Automatically found
2504,MEIS3,GTTTGAACTTGGAAGGAGAA,0,ENSG00000105419,-1,-1,19,47406494,Automatically found
2505,MEIS3,GAGAATGGCATTATCTATAG,0,ENSG00000105419,-1,-1,19,47406479,Automatically found
2506,MEOX1,GCAGAATCTCACTCTGAACT,0,ENSG00000005102,-1,1,17,43641918,Automatically found
2507,MESP1,TCAGTTGTCCCTTGTCACTT,0,ENSG00000166823,-1,1,15,89750146,Automatically found
2508,MGA,GGGCCTCACCAAGTTCTGCA,0,ENSG00000174197,1,1,15,41767268,Automatically found
2509,MKX,TCTTAAAACTGCTGCACCAG,0,ENSG00000150051,-1,1,10,27675243,Automatically found
2510,MLXIPL,GGGTCTGGCCAGGACTATAA,0,ENSG00000009950,-1,1,7,73593867,Automatically found
2511,MNX1,GGGCCGCGGGGCTCCTACTG,0,ENSG00000130675,-1,1,7,157005522,Automatically found
2512,MSANTD3,CCAAAGTCTTAGGGCGAATT,0,ENSG00000066697,1,-1,9,100450957,Automatically found
2513,MTERF2,TCAACATTTAATGGTGCCAC,0,ENSG00000120832,-1,1,12,106977580,Automatically found
2514,MTERF2,TGTCATTCTTCAACATTTAA,0,ENSG00000120832,-1,1,12,106977571,Automatically found
2515,MXD3,ACTCGCACGGCGGCGGCGCC,0,ENSG00000213347,-1,-1,5,177307599,Automatically found
2516,MYC,AACACAAACTTGAACAGCTA,0,ENSG00000136997,1,1,8,127740937,Automatically found
2517,MYCN,TAAAGAAAATTGAACACGCT,0,ENSG00000134323,1,1,2,15946082,Automatically found
2518,MYF5,CTCCAGGGGCTTCTAGTTCC,0,ENSG00000111049,1,1,12,80719024,Automatically found
2519,MYNN,TGTTGTAAAAAAATCAACTG,0,ENSG00000085274,1,-1,3,169786651,Automatically found
2520,MYOD1,CGATATACCAGGTGCTCTGA,0,ENSG00000129152,1,1,11,17721505,Automatically found
2521,MYPOP,CACGGAAAAGGCGCGGCCGA,0,ENSG00000176182,-1,-1,19,45890640,Automatically found
2522,NAIF1,CAGACAGCATCATCCAGTGA,0,ENSG00000171169,-1,-1,9,128063430,Automatically found
2523,NCOA2,AGCAGGAGGGAGACACAACA,0,ENSG00000140396,-1,-1,8,70121307,Automatically found
2524,NCOA3,AATCGATCCCATACCTGATC,0,ENSG00000124151,1,-1,20,47653069,Automatically found
2525,NCOA3,CTATGGGTCCTGATCAGGTA,0,ENSG00000124151,1,1,20,47653072,Automatically found
2526,NEUROD1,ATGCCATATTTCATGATTAG,0,ENSG00000162992,-1,-1,2,181677792,Automatically found
2527,NEUROD2,GCATTGAGCTCCTCGTACAT,0,ENSG00000171532,-1,1,17,39605483,Automatically found
2528,NEUROG1,CTACAAAGGGCCTAGTGGTA,0,ENSG00000181965,-1,1,5,135534982,Automatically found
2529,NEUROG2,TAGATACAATCCCTGGCTAT,0,ENSG00000178403,-1,1,4,112514674,Automatically found
2530,NEUROG3,TCTGAGAAAGCCAGACTGCC,0,ENSG00000122859,-1,1,10,69572425,Automatically found
2531,NFATC2,TGATAGACACACACCTTAGC,0,ENSG00000101096,-1,-1,20,51398710,Automatically found
2532,NFATC3,TGGATTTAGGAAGATCTGAT,0,ENSG00000072736,1,1,16,68226459,Automatically found
2533,NFATC4,GTTCACGTGGTTCAGGCAGG,0,ENSG00000100968,1,-1,14,24377699,Automatically found
2534,NFATC4,ACAGTTCACGTGGTTCAGGC,0,ENSG00000100968,1,-1,14,24377702,Automatically found
2535,NFE2L1,GCTCACTTTCTCCGGTCCTT,0,ENSG00000082641,1,-1,17,48059626,Automatically found
2536,NFIL3,CAATCTCTGCTTCAGACTCT,0,ENSG00000165030,-1,-1,9,91409354,Automatically found
2537,NFKB2,GCAGCAGGTCAGTGCACCTG,0,ENSG00000077150,1,-1,10,102402367,Automatically found
2538,NFX1,ACGTCAAAATAGTCAATTAT,0,ENSG00000086102,1,-1,9,33369951,Automatically found
2539,NFXL1,TTGTGGTTGTAGTGTTTGCC,0,ENSG00000170448,-1,-1,4,47848192,Automatically found
2540,NFYC,CCCAGGTGACCGGCGACTGA,0,ENSG00000066136,1,1,1,40770825,Automatically found
2541,NKRF,GTAAGATCTCAATTTGCTTG,0,ENSG00000186416,-1,1,23,119589360,Automatically found
2542,NKX1-1,CGGCACGGGGCTCAGAGGTG,0,ENSG00000235608,-1,1,4,1402937,Manually found
2543,NKX1-2,GGGCTCCGGATTCATAGACG,0,ENSG00000229544,-1,1,10,124447434,Automatically found
2544,NKX2-2,TCCAGGCCCAGCAGTGGACT,0,ENSG00000125820,-1,-1,20,21511931,Automatically found
2545,NKX2-4,ACCTGCTCTATGGCAGGACG,0,ENSG00000125816,-1,-1,20,21395919,Automatically found
2546,NKX2-6,CGCTGCAGGGTGTCAGGGCC,0,ENSG00000180053,-1,-1,8,23702459,Automatically found
2547,NKX3-1,AGCTGGCATTACCAAAAAGC,0,ENSG00000167034,-1,1,8,23681229,Automatically found
2548,NKX6-1,GGCGTTCAGGATGAGCTCTC,0,ENSG00000163623,-1,1,4,84493300,Automatically found
2549,NPAS1,AGTCCTCAGTCCCCCTTCCG,0,ENSG00000130751,1,-1,19,47045639,Automatically found
2550,NPAS2,TCAGTGCCGGGGCATTATCG,0,ENSG00000170485,1,-1,2,100995579,Automatically found
2551,NPAS4,CACAGACTTATTCAAAACGT,0,ENSG00000174576,1,-1,11,66425983,Automatically found
2552,NR1H2,TCTGGGACGTCCACGAGTGA,0,ENSG00000131408,1,1,19,50382599,Automatically found
2553,NR1H3,CACCGCTGCTCTCTGAGATC,0,ENSG00000025434,1,1,11,47268675,Automatically found
2554,NR1I3,CTGCAGATCTCCTGGAGCAG,0,ENSG00000143257,-1,1,1,161229817,Automatically found
2555,NR2C1,ATTTGAGAGTTATAATCTGC,0,ENSG00000120798,-1,1,12,95022264,Automatically found
2556,NR2E1,TCTGAAAGCAGTCTTGTAAT,0,ENSG00000112333,1,-1,6,108187421,Automatically found
2557,NR2F2,ATTTATTGAATTGCCATATA,0,ENSG00000185551,1,-1,15,96337607,Automatically found
2558,NR3C1,ATATTTCCATTTGAATATTT,0,ENSG00000113580,-1,1,5,143281933,Automatically found
2559,NR4A1,TTCCCAGGCAGGGGTCAGAA,0,ENSG00000123358,1,-1,12,52058941,Automatically found
2560,NR4A2,CTTGGGAGGAGGTCTTAGAA,0,ENSG00000153234,-1,1,2,156325746,Automatically found
2561,NR4A3,TCCACTGCTCCTGATTAGAA,0,ENSG00000119508,1,-1,9,99863864,Automatically found
2562,OLIG1,AGGCGCAATTCTCCAAGTGA,0,ENSG00000184221,1,1,21,33071059,Automatically found
2563,ONECUT1,GCACTTGTACCAAAGCATGA,0,ENSG00000169856,-1,-1,15,52757557,Automatically found
2564,ONECUT2,GCACGTGTACCAAAGCATGA,0,ENSG00000119547,1,1,18,57476720,Automatically found
2565,OSR2,CTTCTCTAGAAGTCCTGCCG,0,ENSG00000164920,1,-1,8,98951689,Automatically found
2566,OVOL2,GCCTGAGTGAGGAGGAGGAG,0,ENSG00000125850,-1,-1,20,18024647,Automatically found
2567,PATZ1,CAGCTGCCTCATTTCCCTTC,0,ENSG00000100105,-1,1,22,31326899,Automatically found
2568,PAX1,TCCCGGCCTCGACCTCCTAG,0,ENSG00000125813,1,1,20,21714559,Automatically found
2569,PAX3,CAGTTCACTTACGCGATATC,0,ENSG00000135903,-1,1,2,222201416,Automatically found
2570,PAX6,GGCCAGTATTGAGACATATC,0,ENSG00000007372,-1,1,11,31789963,Automatically found
2571,PAX6,AACCTGATATGTCTCAATAC,0,ENSG00000007372,-1,-1,11,31789954,Automatically found
2572,PAX9,TCACGGCTTCCGCGCTCTGA,0,ENSG00000198807,1,1,14,36676449,Automatically found
2573,PDS5A,AAGTCAATTTGTCTTTCTGC,0,ENSG00000121892,-1,1,4,39837878,Automatically found
2574,PDS5A,AAAGACAAATTGACTTACAA,0,ENSG00000121892,-1,-1,4,39837860,Automatically found
2575,PDX1,GCAGCTCCTGCCTCTCATCG,0,ENSG00000139515,1,-1,13,27924698,Automatically found
2576,PEG3,AGAATACCCACACTGGCTGA,0,ENSG00000198300,-1,-1,19,56813677,Automatically found
2577,PGR,AATTACCCAAGATATTGGCA,0,ENSG00000082175,-1,-1,11,101039154,Automatically found
2578,PHF1,ACCTGGTTGAGTGGGGAGGA,0,ENSG00000112511,1,1,6,33416080,Automatically found
2579,PHF19,CCCCCGGGGGCTAGTCAGTA,0,ENSG00000119403,-1,1,9,120857946,Automatically found
2580,PHF21A,GCACAGCGAACTGTAACCAG,0,ENSG00000135365,-1,-1,11,45933988,Automatically found
2581,PIN1,TCATCCTCCGCACTGAGTGA,0,ENSG00000127445,1,1,19,9849196,Automatically found
2582,PITX2,GCTGTGGGTGCGGCTCACAC,0,ENSG00000164093,-1,1,4,110618127,Automatically found
2583,PITX3,ACGGGCGGGGCCGCTCATAC,0,ENSG00000107859,-1,1,10,102230516,Automatically found
2584,PKNOX1,ACAGTGACTCCCTGCAGTAG,0,ENSG00000160199,1,1,21,43030098,Automatically found
2585,PLAGL1,CTGAATGCATGATGGAAATG,0,ENSG00000118495,-1,1,6,143941444,Automatically found
2586,PLSCR1,AGGAACAAAAATCAGGAGTG,0,ENSG00000188313,-1,-1,3,146516053,Automatically found
2587,PLSCR1,AAAAATCAGGAGTGTGGTAG,0,ENSG00000188313,-1,-1,3,146516047,Automatically found
2588,POGK,GCATGGCTGAGAGCAACTGA,0,ENSG00000143157,1,1,1,166850406,Automatically found
2589,POU2F2,CAGGGTCCAAACCTGAGTGA,0,ENSG00000028277,-1,-1,19,42091259,Automatically found
2590,POU2F2,GGCATGGCTGGCCCTCACTC,0,ENSG00000028277,-1,1,19,42091259,Automatically found
2591,POU3F1,CGGGGTCACTGCACTGAGCC,0,ENSG00000185668,-1,1,1,38045399,Automatically found
2592,POU3F2,CCAGCTCGAGTTCACTGGAC,0,ENSG00000184486,1,-1,6,98836199,Automatically found
2593,POU3F3,ACACGCCGCCGCCTCACCAC,0,ENSG00000198914,1,1,2,104856986,Automatically found
2594,POU4F1,AATTCTCTGCCACTTACTGA,0,ENSG00000152192,-1,-1,13,78601417,Automatically found
2595,PPARA,CGCTACTGCAGGAGATCTAC,0,ENSG00000186951,1,1,22,46235362,Automatically found
2596,PPARD,TCTACAAGGACATGTACTAA,0,ENSG00000112033,1,1,6,35426076,Automatically found
2597,PRDM1,TGAAAATCTTAAGGATCCAT,0,ENSG00000057657,1,-1,6,106107477,Automatically found
2598,PRDM12,CGCGCTCACAGCACCATGGC,0,ENSG00000130711,1,-1,9,130681657,Automatically found
2599,PRDM13,ACCCCGAGGTTGGGGGCGGC,0,ENSG00000112238,1,1,6,99614738,Automatically found
2600,PRDM2,AGTGTCTACTCTTTGAAGAA,0,ENSG00000116731,1,-1,1,13816535,Automatically found
2601,PRDM6,AATCAATCGAAGTGGATTAA,0,ENSG00000061455,1,1,5,123187198,Automatically found
2602,PREB,CAGGGAAGCTAAAGGAAACC,0,ENSG00000138073,-1,1,2,27131422,Automatically found
2603,PRR12,CACAGGCCCACAGCCGCTGC,0,ENSG00000126464,1,1,19,49625598,Automatically found
2604,PRRX2,ACTGGACTTCAGTTCACCGT,0,ENSG00000167157,1,-1,9,129722343,Automatically found
2605,PTF1A,CAGGACACAAACTCAAATGG,0,ENSG00000168267,1,-1,10,23193888,Automatically found
2606,PURA,TACTGCAGGGTGAGGAAGAA,0,ENSG00000185129,1,1,5,140115132,Automatically found
2607,RARB,CCAGCTCAGTGGAAAACAGT,0,ENSG00000077092,1,1,3,25596583,Automatically found
2608,RARB,AAAATGTCTTATTGCACGAG,0,ENSG00000077092,1,-1,3,25596607,Automatically found
2609,RAX,AGCCGTGGCAGGCCCTCTAG,0,ENSG00000134438,-1,-1,18,59269006,Automatically found
2610,RAX2,GGAGGGCGGCAGGCTCAGGC,0,ENSG00000173976,-1,1,19,3770623,Automatically found
2611,RBSN,ACACCCTGGCCAAGCAGAAG,0,ENSG00000131381,-1,-1,3,15073799,Automatically found
2612,REL,TATACTTGAAAAAATTCATA,0,ENSG00000162924,1,-1,2,60922517,Automatically found
2613,RELA,TGAGTCAGATCAGCTCCTAA,0,ENSG00000173039,-1,-1,11,65654380,Automatically found
2614,RELB,TCGCGGGGCTACGTGGCTTC,0,ENSG00000104856,1,-1,19,45037781,Automatically found
2615,REST,ATCTTGAAGAAGCAGCTCAA,0,ENSG00000084093,1,1,4,56932137,Automatically found
2616,REXO4,GCGTCGTCACTGCAGTGGTC,0,ENSG00000148300,-1,1,9,133406973,Automatically found
2617,RFX1,AGGCCAAGGGCTTAGCTGGA,0,ENSG00000132005,-1,1,19,13962700,Automatically found
2618,RFX4,ACGGAGAGGCCTCTACAGGA,0,ENSG00000111783,1,1,12,106761454,Automatically found
2619,RFX5,CCCACAGACCTGTATCATGG,0,ENSG00000143390,-1,1,1,151342188,Automatically found
2620,RHOXF2,TCACATTCCCCAATGTCTAA,0,ENSG00000131721,1,1,23,120163784,Automatically found
2621,RORA,AGCCAGCAATGCAAATTGAT,0,ENSG00000069667,-1,-1,15,60497463,Automatically found
2622,RORB,GTGCCACCGGCTGCAAATGA,0,ENSG00000198963,1,1,9,74685615,Automatically found
2623,RUNX1,CCAGGCCTGGCGCCTCAGTA,0,ENSG00000159216,-1,1,21,34792137,Automatically found
2624,RUNX2,GCAGAATGGATGAATCTGTT,0,ENSG00000124813,1,1,6,45547287,Automatically found
2625,RUNX2,ACTGCTGAGGAATTTCAATA,0,ENSG00000124813,1,-1,6,45547302,Automatically found
2626,RUNX3,GTCCACCAGGGCGGTCAGTA,0,ENSG00000020633,-1,1,1,24902124,Automatically found
2627,RXRB,TGAGCTCAGGCCAGTTGATG,0,ENSG00000204231,-1,1,6,33194693,Automatically found
2628,RXRG,GGGGCTCAGGTGATCTGCAG,0,ENSG00000143171,-1,1,1,165401274,Automatically found
2629,SALL2,AAACAGGCTCATGGGATCGT,0,ENSG00000165821,-1,1,14,21522712,Automatically found
2630,SALL4,ACAAGATTGCGGTCAGCTAA,0,ENSG00000101115,-1,-1,20,51784267,Automatically found
2631,SCRT2,AGGCGGAAGGCTCAGCTGGC,0,ENSG00000215397,-1,1,20,663676,Automatically found
2632,SETDB1,GCAGAGGACGTCTTCTTTAG,0,ENSG00000143379,1,1,1,150964361,Automatically found
2633,SIM2,CGGTCATCATCACCAACGGG,0,ENSG00000159263,1,1,21,36748083,Automatically found
2634,SIX1,CCTCCAGTCTGGTGGACTTG,0,ENSG00000126778,-1,-1,14,60646294,Automatically found
2635,SIX5,ACACTGGGTCACAGTTCCAA,0,ENSG00000177045,-1,1,19,45765509,Automatically found
2636,SMAD1,ATTTAAGATACAGATGAAAT,0,ENSG00000170365,1,-1,4,145557919,Automatically found
2637,SMAD4,GGTAAAAGACCTCAGTCTAA,0,ENSG00000141646,1,-1,18,51078461,Automatically found
2638,SMAD5,CATTATGAAACAGAAGATAT,0,ENSG00000113658,1,-1,5,136177465,Automatically found
2639,SMAD9,TGTTAAGACACTGAAGAAAT,0,ENSG00000120693,-1,1,13,36848690,Automatically found
2640,SMYD3,CCAACATCAGAGCATCCTAA,0,ENSG00000185420,-1,-1,1,245749565,Automatically found
2641,SNAI1,GGGAGCCTCGAGGGTCAGCG,0,ENSG00000124216,1,-1,20,49988053,Automatically found
2642,SNAPC4,GGCACACCCGGAAGCGGAGG,0,ENSG00000165684,-1,-1,9,136376370,Automatically found
2643,SNAPC5,AAGAAGAATCAGATTCCTAA,0,ENSG00000174446,-1,-1,15,66494438,Automatically found
2644,SOHLH2,CTTCTTTGCAGCAACAGTTT,0,ENSG00000120669,-1,-1,13,36169048,Automatically found
2645,SON,TTCAAGAAAAACATACAATT,0,ENSG00000159140,1,-1,21,33576397,Automatically found
2646,SOX17,TCAGGGACCTGTCACACGTC,0,ENSG00000164736,1,-1,8,54459989,Automatically found
2647,SOX2,TGCCCCTCTCACACATGTGA,0,ENSG00000181449,1,1,3,181713311,Automatically found
2648,SOX30,AGGAAGAAGAAAAAGTGCTC,0,ENSG00000039600,-1,-1,5,157626354,Automatically found
2649,SOX8,CCACCCTGACCAGGCCCTGA,0,ENSG00000005513,1,1,16,985383,Automatically found
2650,SP110,AAGCCAATGACGGCGGTTTC,0,ENSG00000135899,-1,-1,2,230169141,Automatically found
2651,SP4,TCCATGTTGGTTGAAACATT,0,ENSG00000105866,1,-1,7,21511242,Automatically found
2652,SP6,CACTGAGGAGCTCAGTTGGA,0,ENSG00000189120,-1,1,17,47847304,Automatically found
2653,SP9,CTGGCCCCAACGACTCTTAG,0,ENSG00000217236,1,1,2,174337537,Automatically found
2654,SPDEF,CCTGGGCCAGGCACTCAGAT,0,ENSG00000124664,-1,1,6,34538276,Automatically found
2655,SPI1,CGGGGGCTGCGGGCTCAGTG,0,ENSG00000066336,-1,1,11,47355229,Automatically found
2656,SPZ1,AAGCTCTTAGGGGAAAAATG,0,ENSG00000164299,1,1,5,80321481,Automatically found
2657,STAG1,TTCTTCAGACTTCAGAACAT,0,ENSG00000118007,-1,1,3,136338259,Automatically found
2658,STAT2,TGTGGTTCCTAGAAGTCAGA,0,ENSG00000170581,-1,1,12,56343397,Automatically found
2659,STAT3,CCGTTCTCAGCTCCTCACAT,0,ENSG00000168610,-1,1,17,42315747,Automatically found
2660,STAT4,TCCTGTCATTCAGCAGAATA,0,ENSG00000138378,-1,1,2,191029851,Automatically found
2661,STAT5B,CGGGGTCACGATTGTGCGTG,0,ENSG00000173757,-1,1,17,42201749,Automatically found
2662,STAT6,TCCAGCTGGGATCACCAACT,0,ENSG00000166888,-1,1,12,57096577,Automatically found
2663,T,GCCTTGCTGCTTCACATGGA,0,ENSG00000164458,-1,1,6,166158320,Automatically found
2664,TAL1,GTGGCCCAGACCCATCACCG,0,ENSG00000162367,-1,1,1,47219722,Automatically found
2665,TBP,ACCCTATTCTAAAGGGATTC,0,ENSG00000112592,1,1,6,170572247,Automatically found
2666,TBP,GATTCAGGAAGACGACGTAA,0,ENSG00000112592,1,1,6,170572262,Automatically found
2667,TBPL1,ACCCATTTGTGTTTGAAAGC,0,ENSG00000028839,1,1,6,133987019,Automatically found
2668,TBX15,TGTCCGTGCACATGGTTTAA,0,ENSG00000092607,-1,-1,1,118884734,Automatically found
2669,TBX2,GCCGGGAGTCGCCCAAGTGA,0,ENSG00000121068,1,1,17,61408503,Automatically found
2670,TBX2,AGCTGGGCAGCCCCTCACTT,0,ENSG00000121068,1,-1,17,61408503,Automatically found
2671,TBX21,ATCATGTCATCTGCTCAGTT,0,ENSG00000073861,1,-1,17,47745363,Automatically found
2672,TBX5,GAGTTGGCATGGTGCCAGAG,0,ENSG00000089225,-1,-1,12,114355552,Automatically found
2673,TBX5,TAGCTATTGTCGCTCCACTC,0,ENSG00000089225,-1,1,12,114355549,Automatically found
2674,TBX6,CCAGCAGTGGTTCAGTACAT,0,ENSG00000149922,-1,1,16,30086230,Automatically found
2675,TCF12,GATGTTTACATATGACCCAT,0,ENSG00000140262,1,-1,15,57282575,Automatically found
2676,TCF15,TGGCCCCCCTTCGAGGGCCA,0,ENSG00000125878,-1,-1,20,604602,Automatically found
2677,TCF15,AGGGTCCAGGCTCATCTCCG,0,ENSG00000125878,-1,1,20,604596,Automatically found
2678,TCF20,AGCAGTCGGAGCGGGGGTGA,0,ENSG00000100207,-1,-1,22,42168655,Automatically found
2679,TCF23,AATTATTTGTCACCAAGAGC,0,ENSG00000163792,1,-1,2,27152852,Automatically found
2680,TCF24,GCCTAAGGCTGTGAGTCTGT,0,ENSG00000261787,-1,1,8,66948065,Automatically found
2681,TCF7,GCAGCCTAGAGCACTGTCAT,0,ENSG00000081059,1,-1,5,134146291,Automatically found
2682,TCF7L2,GACTTGGTGACGAGCGACAG,0,ENSG00000148737,1,-1,10,113165945,Automatically found
2683,TEAD1,GAGCACAACATCATATTTAC,0,ENSG00000187079,1,1,11,12937201,Automatically found
2684,TEAD2,ACCGCCTGGTCAGGGACTGA,0,ENSG00000074219,-1,-1,19,49341326,Automatically found
2685,TEAD4,GGGCTCAGCACCACATCTAC,0,ENSG00000197905,1,1,12,3040457,Automatically found
2686,TEF,GCGGGGGGCACGGGTTACAA,0,ENSG00000167074,1,-1,22,41395957,Automatically found
2687,TERB1,AATCAAGAAGCTGCACACGT,0,ENSG00000249961,-1,1,16,66754990,Automatically found
2688,TERF2,TGATGATTAAGGATCGCTGG,0,ENSG00000132604,-1,-1,16,69356930,Automatically found
2689,TET1,CCTATAACCATTGGGTCTGA,0,ENSG00000138336,1,1,10,68691811,Automatically found
2690,TET2,ATGCCTTCACTCGGGTCACA,0,ENSG00000168769,1,1,4,105276492,Automatically found
2691,TET2,TATCATATATATCTGTTGTA,0,ENSG00000168769,1,-1,4,105276504,Automatically found
2692,TFAP2B,GCGACAAGGAGGAGAAACAC,0,ENSG00000008196,1,1,6,50843380,Automatically found
2693,TFAP2C,TGGAGAAAATGGAGAAACAC,0,ENSG00000087510,1,1,20,56638001,Automatically found
2694,TFAP2E,CGGAGAAGGATGCCAAGCAT,0,ENSG00000116819,1,1,1,35594664,Automatically found
2695,TFAP4,GGGAGGAGCCGTCGGGGGAC,0,ENSG00000090447,-1,-1,16,4258072,Automatically found
2696,TFDP2,GCTTTCTCTTGTCTTTATTC,0,ENSG00000114126,-1,1,3,141952515,Automatically found
2697,TFEC,CAGTTTCCAAAGAAAGCAGT,0,ENSG00000105967,-1,-1,7,115940595,Automatically found
2698,TGIF2,TTCTTGGCAGATGCCTACTG,0,ENSG00000118707,1,-1,20,36591428,Automatically found
2699,TGIF2LX,AACATCATCAATCATGGATT,0,ENSG00000153779,1,-1,23,89922805,Automatically found
2700,TGIF2LY,TTTCTTTGGCTGGGCTATTC,0,ENSG00000176679,1,-1,24,3579799,Automatically found
2701,THAP1,ACTATTTCAAAGTAGTCATT,0,ENSG00000131931,-1,1,8,42837994,Automatically found
2702,THAP12,ACAGTTTCGGAATTATCTGT,0,ENSG00000137492,-1,1,11,76350893,Automatically found
2703,THAP3,AGGGACTCCAGGCCAGACTT,0,ENSG00000041988,1,1,1,6633053,Automatically found
2704,THAP7,TGAGCAGCAGCATGGCCTGA,0,ENSG00000184436,-1,-1,22,20999882,Automatically found
2705,THAP9,CTAATACCAGTAGTAAATTC,0,ENSG00000168152,1,1,4,82918882,Automatically found
2706,THRB,TCGAACACTTCCAAGAACAA,0,ENSG00000151090,-1,1,3,24122907,Automatically found
2707,THYN1,CAGCAGTATCTCAGTTAACT,0,ENSG00000151500,-1,1,11,134248440,Automatically found
2708,TIGD3,AGCGGCTTTGCTGCCTATGA,0,ENSG00000173825,1,1,11,65357221,Automatically found
2709,TIGD4,TGTACAATACATAGTTACTT,0,ENSG00000169989,-1,1,4,152769468,Automatically found
2710,TIGD7,TGATTAGAACCAGAAGTTGA,0,ENSG00000140993,-1,1,16,3298985,Automatically found
2711,TP53,AACTCATGTTCAAGACAGAA,0,ENSG00000141510,-1,-1,17,7669629,Automatically found
2712,TP53,GGAGAATGTCAGTCTGAGTC,0,ENSG00000141510,-1,1,17,7669617,Automatically found
2713,TP73,CGGAGGCCGAGATCCACTGA,0,ENSG00000078900,1,1,1,3733076,Automatically found
2714,TPRX1,GGTTATTACTGGATTTATAG,0,ENSG00000178928,-1,-1,19,47801777,Automatically found
2715,TSC22D1,GGCATAGGCAGCTATGCGGT,0,ENSG00000102804,-1,1,13,44434631,Automatically found
2716,VENTX,TGTGTGCTATGCCACAGACG,0,ENSG00000151650,1,1,10,133240288,Automatically found
2717,VEZF1,CTTTGCCTACATCACCGCCT,0,ENSG00000136451,-1,-1,17,57974481,Automatically found
2718,VEZF1,TATAATACTGTTTACCAAGG,0,ENSG00000136451,-1,1,17,57974478,Automatically found
2719,WT1,AACTCCAGCTGGCGCTTTGA,0,ENSG00000184937,-1,-1,11,32389060,Automatically found
2720,YBX1,CTCCCGAGGCTGAGCAGGGC,0,ENSG00000065978,1,1,1,42701000,Automatically found
2721,ZBED2,CCAATTTAAACAAAATGGAA,0,ENSG00000177494,-1,1,3,111593556,Automatically found
2722,ZBED4,CAATACTGAAAGTATATTAA,0,ENSG00000100426,1,-1,22,49887160,Automatically found
2723,ZBED5,ATATTACACCTAATATTAAG,0,ENSG00000236287,-1,-1,11,10852908,Automatically found
2724,ZBED6,TGAACAACTTCATTCTGCTC,0,ENSG00000257315,1,-1,1,203800417,Automatically found
2725,ZBED9,CTTGTTAATTTGTCTAATCT,0,ENSG00000232040,-1,1,6,28571955,Automatically found
2726,ZBTB16,TCTACCTGTGCTATGTGTGA,0,ENSG00000109906,1,1,11,114250552,Automatically found
2727,ZBTB18,AAGATAGCTCTCAAGAACTT,0,ENSG00000179456,1,1,1,244055358,Automatically found
2728,ZBTB21,TCAAGACTGCATTTAGTCTT,0,ENSG00000173276,-1,-1,21,41990924,Automatically found
2729,ZBTB22,GAGGTGGAGGAGCAAACTGA,0,ENSG00000236104,-1,-1,6,33315014,Automatically found
2730,ZBTB24,CAGCTCTGCTCCTGGCCAAG,0,ENSG00000112365,-1,1,6,109465868,Automatically found
2731,ZBTB3,CCCCAAAAACTAACATCTAA,0,ENSG00000185670,-1,-1,11,62752092,Automatically found
2732,ZBTB33,AAAGGAGTTTAGTAAGACTC,0,ENSG00000177485,1,-1,23,120255425,Automatically found
2733,ZBTB37,TCCCCCTGGATGTTTCAGTC,0,ENSG00000185278,1,-1,1,173886121,Automatically found
2734,ZBTB4,GAACCCAGAAGGGCGATGTG,0,ENSG00000174282,-1,-1,17,7461948,Automatically found
2735,ZBTB45,CGGCGCACCCTGCGCCCTGA,0,ENSG00000119574,-1,-1,19,58514056,Automatically found
2736,ZBTB48,GGCTATGTGTCACAGTCCTC,0,ENSG00000204859,1,-1,1,6589197,Automatically found
2737,ZBTB5,AACAGCTAGAGCAAAGTGCT,0,ENSG00000168795,-1,1,9,37440529,Automatically found
2738,ZBTB6,GCAGTGGTGAAAAACTATCT,0,ENSG00000186130,-1,-1,9,122910833,Automatically found
2739,ZBTB6,TATCTAGGCCTGATCTCAAA,0,ENSG00000186130,-1,-1,9,122910818,Automatically found
2740,ZBTB8A,CATTACAGCTACCTAATGTT,0,ENSG00000160062,1,-1,1,32600410,Automatically found
2741,ZBTB8B,GTCTCTCGGTCTGATAAGTT,0,ENSG00000273274,1,-1,1,32485391,Automatically found
2742,ZFAT,AGCCGGCCCAGGAACTCTAG,0,ENSG00000066827,-1,-1,8,134478484,Automatically found
2743,ZFP1,TCCATCAGAGAGTTCACATC,0,ENSG00000184517,1,1,16,75170316,Automatically found
2744,ZFP62,GTAAGCTCTGCCTGCTACAG,0,ENSG00000196670,-1,1,5,180848794,Automatically found
2745,ZFP64,TAATCTGGAATGGAGTCGGC,0,ENSG00000020256,-1,1,20,52152163,Automatically found
2746,ZFP69,GACATCATGAAATACACAGG,0,ENSG00000187815,1,1,1,40496029,Automatically found
2747,ZFP91,CAGACTCTGCCGGACCTTAG,0,ENSG00000186660,1,1,11,58617703,Automatically found
2748,ZHX1,AGCTTCCGTTTCACATGTCG,0,ENSG00000165156,-1,1,8,123253360,Automatically found
2749,ZHX1,AACCTCCACGACATGTGAAA,0,ENSG00000165156,-1,-1,8,123253354,Automatically found
2750,ZIC2,TCAATGAATGGTACGTGTGA,0,ENSG00000043355,1,1,13,99985679,Automatically found
2751,ZIC3,ACGTACCATTCGTTAAAATT,0,ENSG00000156925,1,-1,23,137570049,Automatically found
2752,ZIC4,GTACCGCCGACTTGAGCGAA,0,ENSG00000174963,-1,-1,3,147390935,Automatically found
2753,ZIC5,ACGGGAACCCTGAAGTTGTG,0,ENSG00000139800,-1,-1,13,99965394,Automatically found
2754,ZIK1,AAAAATGTCATAACACATAG,0,ENSG00000171649,1,1,19,57591272,Automatically found
2755,ZKSCAN1,TCCTGAAAAGTTGTGTGTAA,0,ENSG00000106261,1,1,7,100034194,Automatically found
2756,ZKSCAN2,AGGGAAAGACTGATGAATTT,0,ENSG00000155592,-1,-1,16,25239833,Automatically found
2757,ZKSCAN5,TAAATACCTTAAGTGTAGAG,0,ENSG00000196652,1,1,7,99532231,Automatically found
2758,ZKSCAN7,AGAAGTCCTCAGGTCTGGCT,0,ENSG00000196345,1,1,3,44571357,Automatically found
2759,ZMAT1,GGACAGAAGAGGAAATGCTT,0,ENSG00000166432,-1,-1,23,101883539,Automatically found
2760,ZNF100,TTAAACAAAATAACTCATAC,0,ENSG00000197020,-1,-1,19,21726709,Automatically found
2761,ZNF101,AGTGCTTTGGCAGGAGGCAG,0,ENSG00000181896,1,1,19,19680270,Automatically found
2762,ZNF112,CTGTGTAGATTCTCTGATGA,0,ENSG00000062370,-1,1,19,44327474,Automatically found
2763,ZNF12,TGAATGTAATAGATGTGGGA,0,ENSG00000164631,-1,-1,7,6690862,Automatically found
2764,ZNF131,GTGTAATTTCATTCTAAAAC,0,ENSG00000172262,1,-1,5,43175124,Automatically found
2765,ZNF133,ATTCCTTATACTCTCTCTGA,0,ENSG00000125846,1,1,20,18316813,Automatically found
2766,ZNF134,AGAAAGTTCACACTGCAGGC,0,ENSG00000213762,1,1,19,57621391,Automatically found
2767,ZNF142,GGGGCAGGCTTTCAGCCCTC,0,ENSG00000115568,-1,1,2,218638344,Automatically found
2768,ZNF143,GAGGATTAATCATCCAACCC,0,ENSG00000166478,1,-1,11,9527601,Automatically found
2769,ZNF160,CCTCACCACACTCATTTGTA,0,ENSG00000170949,-1,1,19,53068082,Automatically found
2770,ZNF169,AAAGGTCAGAAGACCTCTTG,0,ENSG00000175787,1,-1,9,94301358,Automatically found
2771,ZNF18,TTGGTTACTGGCTATTGAAA,0,ENSG00000154957,-1,1,17,11977962,Automatically found
2772,ZNF184,TCCTAGAATTGTCATATGCC,0,ENSG00000096654,-1,1,6,27451308,Automatically found
2773,ZNF189,ATCAGAAATTGCACACAGCA,0,ENSG00000136870,1,1,9,101409634,Automatically found
2774,ZNF19,GTGTACTATTACCAGTAAAA,0,ENSG00000157429,-1,1,16,71475178,Automatically found
2775,ZNF205,CCTTTCCTGGCCTCCTAGGT,0,ENSG00000122386,1,-1,16,3120322,Automatically found
2776,ZNF212,GGCCCAATGGCCTGCTTTAA,0,ENSG00000170260,1,1,7,149254412,Automatically found
2777,ZNF213,AAGCCAGCTGCTCACCCCAC,0,ENSG00000085644,1,-1,16,3141341,Automatically found
2778,ZNF219,TGGGGGGGCAAGAACGGTAG,0,ENSG00000165804,-1,-1,14,21090538,Automatically found
2779,ZNF221,TTACATCAGTAAGTCTATGT,0,ENSG00000159905,1,1,19,43967335,Automatically found
2780,ZNF229,TCTATGTACATCTACTTATA,0,ENSG00000278318,-1,1,19,44428308,Automatically found
2781,ZNF233,ATTCATCAGAGAGTCCATGA,0,ENSG00000159915,1,1,19,44274670,Automatically found
2782,ZNF234,CAGAGGGAGGAAGTTCTACA,0,ENSG00000263002,1,1,19,44158110,Automatically found
2783,ZNF239,TGGGCTAATGTCAGTTAGCG,0,ENSG00000196793,-1,1,10,43556705,Automatically found
2784,ZNF25,AGAAGACACACACAAAGAAG,0,ENSG00000175395,-1,-1,10,37952147,Automatically found
2785,ZNF253,CTTATGCTAATTAAAAGTGG,0,ENSG00000256771,1,-1,19,19892726,Automatically found
2786,ZNF253,TATCTTATGCTAATTAAAAG,0,ENSG00000256771,1,-1,19,19892729,Automatically found
2787,ZNF254,CCACAGATAAGATAACTCAT,0,ENSG00000213096,1,1,19,24127953,Automatically found
2788,ZNF256,AGAACGTTCACAAGGGATAA,0,ENSG00000152454,-1,-1,19,57940926,Automatically found
2789,ZNF257,TTACTAAACATAATTCATAA,0,ENSG00000197134,1,1,19,22089439,Automatically found
2790,ZNF26,AATCCTTCTGTTGGAATTCA,0,ENSG00000198393,1,1,12,133011445,Automatically found
2791,ZNF26,ATTCAGGGCTTCGTATACAT,0,ENSG00000198393,1,1,12,133011460,Automatically found
2792,ZNF264,TGTGGGGTTTCTCTTTGGTA,0,ENSG00000083844,1,-1,19,57212948,Automatically found
2793,ZNF274,TGGCTTGAGAGCTATGAGGT,0,ENSG00000171606,1,-1,19,58213137,Automatically found
2794,ZNF276,CCTCACTGCCGTCCTCAGGT,0,ENSG00000158805,1,-1,16,89738243,Automatically found
2795,ZNF280A,CAGCTAGAATCCTTGCTGCA,0,ENSG00000169548,-1,1,22,22514019,Automatically found
2796,ZNF280C,CAACTTCTGAACCCACTACT,0,ENSG00000056277,-1,-1,23,130205121,Automatically found
2797,ZNF286B,TATTGACAAGTGAGCCAATA,0,ENSG00000249459,-1,1,17,18658473,Manually found
2798,ZNF287,GTGCCAAACATCGTAATTAA,0,ENSG00000141040,-1,-1,17,16551858,Automatically found
2799,ZNF302,CTGCATTTCTAAACTTCAAA,0,ENSG00000089335,1,-1,19,34685228,Automatically found
2800,ZNF304,AGTTTAAGAGATGCAGCTAA,0,ENSG00000131845,1,-1,19,57357825,Automatically found
2801,ZNF317,TTGTGTCATCCGTGTGGAAA,0,ENSG00000130803,1,1,19,9161418,Automatically found
2802,ZNF324,CTGTGACCTCAGACCTCCGC,0,ENSG00000083812,1,-1,19,58472145,Automatically found
2803,ZNF324B,CTGTGACCTCAGACCTTCGC,0,ENSG00000249471,1,-1,19,58456570,Automatically found
2804,ZNF326,TGCTCAACAGGGAAGTCAGC,0,ENSG00000162664,1,-1,1,90027668,Automatically found
2805,ZNF329,CCCAACCATTATGTTTCCAT,0,ENSG00000181894,-1,1,19,58127886,Automatically found
2806,ZNF329,AGCAACCCATGGAAACATAA,0,ENSG00000181894,-1,-1,19,58127880,Automatically found
2807,ZNF331,ACCATCTCCGAGAACATCAG,0,ENSG00000130844,1,1,19,53577931,Automatically found
2808,ZNF333,AATGGAAGTTAATTAGCAAG,0,ENSG00000160961,1,-1,19,14719316,Automatically found
2809,ZNF33A,TGAACATTCAGGATGTCATC,0,ENSG00000189180,1,-1,10,38056539,Automatically found
2810,ZNF33B,TAATATCCAATTCATTCATA,0,ENSG00000196693,-1,1,10,42592618,Automatically found
2811,ZNF341,ACATCCAGGCCTCCGAGTGA,0,ENSG00000131061,1,1,20,33791514,Automatically found
2812,ZNF343,GACACCAGAGGACACACTGA,0,ENSG00000088876,-1,-1,20,2483163,Automatically found
2813,ZNF346,CAACCACCTTGGAAGACTAG,0,ENSG00000113761,1,1,5,177064596,Automatically found
2814,ZNF347,CTCCACTATGAATTCTGTGA,0,ENSG00000197937,-1,1,19,53140319,Automatically found
2815,ZNF347,AGCCATCACAGAATTCATAG,0,ENSG00000197937,-1,-1,19,53140310,Automatically found
2816,ZNF358,TGCTGGGGCCTGATGGCTGA,0,ENSG00000198816,1,1,19,7520946,Automatically found
2817,ZNF362,CAGATGAGAGAGATTCGCAC,0,ENSG00000160094,1,-1,1,33299028,Automatically found
2818,ZNF366,GTTTGAAAGAATTACTGGAG,0,ENSG00000178175,-1,-1,5,72443797,Automatically found
2819,ZNF37A,TAAACGAGGGAAATTACTCT,0,ENSG00000075407,1,1,10,38118828,Automatically found
2820,ZNF385A,GTTCAGGGTTGAGGTCAGTA,0,ENSG00000161642,-1,1,12,54370258,Automatically found
2821,ZNF385B,GGGGTTTGCAGACGTTAGTA,0,ENSG00000144331,-1,1,2,179443252,Automatically found
2822,ZNF385C,CCTCCCCATGAGGGCTAATA,0,ENSG00000187595,-1,1,17,42026899,Automatically found
2823,ZNF385D,TAGTAAGGAGCAAACAGCAC,0,ENSG00000151789,-1,1,3,21421231,Automatically found
2824,ZNF385D,CTCCTATTTGGAATTTAGTA,0,ENSG00000151789,-1,1,3,21421216,Automatically found
2825,ZNF394,AAAATAAAGTGCTGTCGGCT,0,ENSG00000160908,-1,-1,7,99493555,Automatically found
2826,ZNF410,AGAGACCACTTTACCTCTTG,0,ENSG00000119725,1,-1,14,73923519,Automatically found
2827,ZNF414,TGTCGCCGCTGCTGTCAGAG,0,ENSG00000133250,-1,-1,19,8510723,Automatically found
2828,ZNF414,ATTCAGAGCTGCGAGAACAC,0,ENSG00000133250,-1,1,19,8510705,Automatically found
2829,ZNF416,AGTTAAACAATGTTAGATCT,0,ENSG00000083817,-1,1,19,57572133,Automatically found
2830,ZNF423,TGAGCCAGCACGCACAGTGA,0,ENSG00000102935,-1,-1,16,49491277,Automatically found
2831,ZNF426,TCATGTCTTCGAAGTGAACG,0,ENSG00000130818,-1,1,19,9528409,Automatically found
2832,ZNF43,TTTATGTTTGAAAAAGTTTG,0,ENSG00000198521,-1,1,19,21807627,Automatically found
2833,ZNF430,TTGAACAAAGTAATTCATAC,0,ENSG00000118620,1,1,19,21057994,Automatically found
2834,ZNF439,AAACACATAAGAATGCACTC,0,ENSG00000171291,1,1,19,11868548,Automatically found
2835,ZNF44,ATAGACATAAAAGGACACAC,0,ENSG00000197857,-1,-1,19,12272427,Automatically found
2836,ZNF444,CCGGGAGGCGGCTAACCCAA,0,ENSG00000167685,1,-1,19,56160195,Automatically found
2837,ZNF446,CTGGCTGCTCATGGAACCTC,0,ENSG00000083838,1,-1,19,58480717,Automatically found
2838,ZNF45,CTGTGTGAATCCTCTGATGA,0,ENSG00000124459,-1,1,19,43913416,Automatically found
2839,ZNF460,TCTTTCCACATCTGTTACAA,0,ENSG00000197714,1,-1,19,57292227,Automatically found
2840,ZNF461,AAATTTCATGATGCTAGACT,0,ENSG00000197808,-1,1,19,36638664,Automatically found
2841,ZNF467,AACTAGGCTCAGAAGAAGAG,0,ENSG00000181444,-1,1,7,149764722,Automatically found
2842,ZNF468,CATCCCTTGTATACCATCAT,0,ENSG00000204604,-1,-1,19,52840754,Automatically found
2843,ZNF469,TCGGAAGCATCTTTCTTTAA,0,ENSG00000225614,1,-1,16,88439311,Automatically found
2844,ZNF474,GTGGTGCCCTCTGCCTGTAG,0,ENSG00000164185,1,1,5,122153082,Automatically found
2845,ZNF479,CCATATTATTCACATTTGTA,0,ENSG00000185177,-1,1,7,57119851,Automatically found
2846,ZNF483,ATTCAGGCCTCATTAGACAT,0,ENSG00000173258,1,1,9,111543143,Automatically found
2847,ZNF486,ATAATCCTTTGTCACGTTCT,0,ENSG00000256229,1,-1,19,20198096,Automatically found
2848,ZNF490,AGTCTTTGCACGTGCACGAA,0,ENSG00000188033,-1,-1,19,12580514,Automatically found
2849,ZNF501,CAGCACTTCTTCGACATCAG,0,ENSG00000186446,1,1,3,44735213,Automatically found
2850,ZNF503,CGGCGCTGGGGTATCAGTGA,0,ENSG00000165655,-1,-1,10,75398751,Automatically found
2851,ZNF510,TTCTAGTTATTACATCAATA,0,ENSG00000081386,-1,1,9,96758780,Automatically found
2852,ZNF512,AGACTAATCATAAACGAGGA,0,ENSG00000243943,1,1,2,27621449,Automatically found
2853,ZNF516,CTCTGAGAAAGGGAACCTAA,0,ENSG00000101493,-1,-1,18,76362500,Automatically found
2854,ZNF517,CGTCATCAGGAAGCCCAACA,0,ENSG00000197363,1,-1,8,144808383,Automatically found
2855,ZNF518A,TAATGGAAGCTACTCGGGAT,0,ENSG00000177853,1,1,10,96160753,Automatically found
2856,ZNF519,AACATCAAATAATTCATACC,0,ENSG00000175322,-1,-1,18,14104925,Automatically found
2857,ZNF524,GCCGGGGGTGTGGGTCAGGC,0,ENSG00000171443,1,-1,19,55602904,Automatically found
2858,ZNF536,TAAAACTTACCACACAAGTC,0,ENSG00000198597,1,-1,19,30549507,Automatically found
2859,ZNF541,CACGGGAGTCACCACTGCAG,0,ENSG00000118156,-1,1,19,47521232,Automatically found
2860,ZNF551,AATCTAACCTCATTCGACAT,0,ENSG00000204519,1,1,19,57688255,Automatically found
2861,ZNF551,GGAGAGTTCACACTGAAGAA,0,ENSG00000204519,1,1,19,57688276,Automatically found
2862,ZNF555,TCAGGATAAGGAACTCATAA,0,ENSG00000186300,1,-1,19,2853949,Automatically found
2863,ZNF556,AATCCTGTACATCTAAGTAA,0,ENSG00000172000,1,1,19,2878326,Automatically found
2864,ZNF557,TGCATACGAGAATGCATAAT,0,ENSG00000130544,1,1,19,7083729,Automatically found
2865,ZNF558,ACAAGAGAATACATAATAGA,0,ENSG00000167785,-1,-1,19,8811292,Automatically found
2866,ZNF561,CTCATATCCTTGCATTCATA,0,ENSG00000171469,-1,1,19,9610229,Automatically found
2867,ZNF562,TGAAAACTCACAGTGGAGAA,0,ENSG00000171466,-1,-1,19,9652957,Automatically found
2868,ZNF563,TCATGTCTTTGACATACACT,0,ENSG00000188868,-1,1,19,12318638,Automatically found
2869,ZNF563,AAAGACATGAAAAGACTCAC,0,ENSG00000188868,-1,-1,19,12318614,Automatically found
2870,ZNF564,ATACCTGTGAAAATGAATAG,0,ENSG00000249709,-1,-1,19,12526448,Automatically found
2871,ZNF566,TTCAGCATCAAAATTTGTAC,0,ENSG00000186017,-1,-1,19,36448985,Automatically found
2872,ZNF571,GTATGTTGAGTAAGTTGTGA,0,ENSG00000180479,-1,1,19,37564630,Automatically found
2873,ZNF571,CACAACTTACTCAACATACA,0,ENSG00000180479,-1,-1,19,37564615,Automatically found
2874,ZNF572,ACGGAAAATGAAGAGATGAA,0,ENSG00000180938,1,-1,8,124977822,Automatically found
2875,ZNF573,AAGCCCATCAGAGAATTCAT,0,ENSG00000189144,-1,-1,19,37738512,Automatically found
2876,ZNF575,ACCACCAGGTGGAGCACAAG,0,ENSG00000176472,1,1,19,43535669,Automatically found
2877,ZNF577,AAGATATAATTTATTACTGA,0,ENSG00000161551,-1,1,19,51872576,Automatically found
2878,ZNF581,CACTGCAGAAACACACGCGG,0,ENSG00000171425,1,1,19,55645147,Automatically found
2879,ZNF582,TCACAATTAGCCTAGGCTAA,0,ENSG00000018869,-1,1,19,56383868,Automatically found
2880,ZNF583,ATTCAGGAGATGAAACCTAC,0,ENSG00000198440,1,-1,19,56424353,Automatically found
2881,ZNF584,GTCAGGAGGACAGGGCACAT,0,ENSG00000171574,1,1,19,58417760,Automatically found
2882,ZNF586,AGAGAGTTCATACTGGAATG,0,ENSG00000083828,1,1,19,57779778,Automatically found
2883,ZNF586,CAAAATTTGCTTCACTTATA,0,ENSG00000083828,1,-1,19,57779790,Automatically found
2884,ZNF589,CCTCAATCTCTGCACACATA,0,ENSG00000164048,1,-1,3,48268771,Automatically found
2885,ZNF594,GAATTCTATGATGTCTCAGA,0,ENSG00000180626,-1,1,17,5181265,Automatically found
2886,ZNF600,ATCAGGCAGTTCATGGTGTA,0,ENSG00000189190,-1,-1,19,52765604,Automatically found
2887,ZNF608,GATATTTACCTTCTTTGTCC,0,ENSG00000168916,-1,1,5,124639140,Automatically found
2888,ZNF608,GAATGTTTCCTGGACAAAGA,0,ENSG00000168916,-1,-1,5,124639137,Automatically found
2889,ZNF609,ACTTACCATTCTCACCTCCT,0,ENSG00000180357,1,-1,15,64681376,Automatically found
2890,ZNF613,GAGACTGAACTTCTGGCAAC,0,ENSG00000176024,1,-1,19,51945692,Automatically found
2891,ZNF614,TCTGCATGAGTTCACTTATA,0,ENSG00000142556,-1,1,19,52015845,Automatically found
2892,ZNF615,TGTCTATCCTTGTTAAACAC,0,ENSG00000197619,-1,-1,19,51992900,Automatically found
2893,ZNF615,TTAAACACAGGAGAATTCAC,0,ENSG00000197619,-1,-1,19,51992888,Automatically found
2894,ZNF616,CAACTAAACTCAATGTGACA,0,ENSG00000204611,-1,-1,19,52114829,Automatically found
2895,ZNF618,ATGAGTTTATTCATATCTTC,0,ENSG00000157657,1,-1,9,114050125,Automatically found
2896,ZNF621,GCTCATGAGGAGTGAGAAGA,0,ENSG00000172888,1,-1,3,40533075,Automatically found
2897,ZNF623,GTGAGAGGTCTGTAGATAAG,0,ENSG00000183309,1,1,8,143651456,Automatically found
2898,ZNF625,TTCGAAGTGTTGGAGCTACA,0,ENSG00000257591,-1,1,19,12145338,Automatically found
2899,ZNF626,AAGGTGTGAGGACCGCTTGA,0,ENSG00000188171,-1,1,19,20624322,Automatically found
2900,ZNF627,TTTCATGCTCATGAAAGAAC,0,ENSG00000198551,1,-1,19,11617880,Automatically found
2901,ZNF630,TACAAGGTGTCTTTCCTATA,0,ENSG00000221994,-1,1,23,48058494,Automatically found
2902,ZNF639,AATCAAGTTGTCTCATGGAC,0,ENSG00000121864,1,-1,3,179334407,Automatically found
2903,ZNF645,CACACCAGAGAAGACATAGA,0,ENSG00000175809,1,1,23,22274257,Automatically found
2904,ZNF649,TAACTGTGGCAATGGTGGCA,0,ENSG00000198093,-1,-1,19,51890656,Automatically found
2905,ZNF653,AGTGGTCAGGTGGGTCAGGT,0,ENSG00000161914,-1,1,19,11483684,Automatically found
2906,ZNF658,ATGGATTTGGGAAGTCCTGA,0,ENSG00000274349,1,1,9,66920743,Automatically found
2907,ZNF662,TGAGAGATCTGACAGTTATA,0,ENSG00000182983,1,-1,3,42915321,Automatically found
2908,ZNF668,GGGGGTCATGGGCTTCAGGC,0,ENSG00000167394,-1,1,16,31061070,Automatically found
2909,ZNF670,AGCATGAAAGAGCTTATATG,0,ENSG00000277462,-1,-1,1,247037457,Automatically found
2910,ZNF672,CGGCTGAACAGGAAAAGCCA,0,ENSG00000171161,1,1,1,248848612,Automatically found
2911,ZNF672,AACTAGGACACAGAGAACCC,0,ENSG00000171161,1,-1,1,248848618,Automatically found
2912,ZNF675,CTGGAGAGAAACTACAGAAC,0,ENSG00000197372,-1,-1,19,23653240,Automatically found
2913,ZNF687,GGGCTCGGCAGGGGGCTGTT,0,ENSG00000143373,1,1,1,151291194,Automatically found
2914,ZNF69,CCTATGAGTGTAAGCAATGA,0,ENSG00000198429,1,1,19,11906095,Automatically found
2915,ZNF691,CTGGGAAAGATTCCAGCTGA,0,ENSG00000164011,1,1,1,42851810,Automatically found
2916,ZNF692,TGGAGGAGAGCTCATTGCTG,0,ENSG00000171163,-1,1,1,248850215,Automatically found
2917,ZNF699,TTTGTCCTGCCTACTTTCGA,0,ENSG00000196110,-1,-1,19,9295513,Automatically found
2918,ZNF70,GCCATCAGAAGATTCATTCT,0,ENSG00000187792,-1,-1,22,23743817,Automatically found
2919,ZNF705B,CACCTGCTTGTCTTCTATGT,0,ENSG00000215356,1,1,8,7952352,Automatically found
2920,ZNF707,ACAGGCACGGGGAGGTGTAG,0,ENSG00000181135,1,1,8,143694527,Automatically found
2921,ZNF708,ACACATTATTTACATTTGTA,0,ENSG00000182141,-1,1,19,21293285,Automatically found
2922,ZNF713,AGTTATGTGCTGCTAAATGA,0,ENSG00000178665,1,-1,7,55939991,Automatically found
2923,ZNF718,GTATGAGTTCTCTTATGTTG,0,ENSG00000250312,1,-1,4,162089,Automatically found
2924,ZNF727,AAGGTCTGAGAACCACCTAA,0,ENSG00000214652,1,-1,7,64078516,Automatically found
2925,ZNF727,CTCAGACCTTACTAAACATA,0,ENSG00000214652,1,1,7,64078540,Manually found
2926,ZNF730,GGCGGTTCTCACACCTTACT,0,ENSG00000183850,1,1,19,23146529,Automatically found
2927,ZNF74,AGCACATCATGTTAGTTTCG,0,ENSG00000185252,1,-1,22,20406962,Automatically found
2928,ZNF740,GCCAGTCCAAGACTTCCGAC,0,ENSG00000139651,1,1,12,53187569,Automatically found
2929,ZNF747,TATTCCAGGAATGTGGGTGA,0,ENSG00000169955,-1,-1,16,30532501,Automatically found
2930,ZNF749,AGATAATTCATACTGGAAAA,0,ENSG00000186230,1,1,19,57445473,Automatically found
2931,ZNF749,ATACTGGAAAAAGGCCTTAG,0,ENSG00000186230,1,1,19,57445482,Automatically found
2932,ZNF763,ACACACCTAAGAATGCGCTC,0,ENSG00000197054,1,1,19,11979088,Automatically found
2933,ZNF764,TATTCCAGGAGTGTGGGTGA,0,ENSG00000169951,-1,-1,16,30555196,Automatically found
2934,ZNF771,ACTCAGCTGCCCTCACACTC,0,ENSG00000179965,1,-1,16,30418352,Automatically found
2935,ZNF773,CCAGTCTTGTTAAACATCGA,0,ENSG00000152439,1,1,19,57507394,Automatically found
2936,ZNF775,CCAAGGAGGAGGCGCGCTAG,0,ENSG00000196456,1,1,7,150398092,Automatically found
2937,ZNF778,CCACATTCTTTACATTAGAA,0,ENSG00000170100,1,-1,16,89228559,Automatically found
2938,ZNF780B,ACATCAGAAAATTCATACTT,0,ENSG00000128000,-1,-1,19,40034365,Automatically found
2939,ZNF782,TATGCATACATTTAATCCCC,0,ENSG00000196597,-1,1,9,96817928,Automatically found
2940,ZNF785,TATTTCAAGAGTGTGGGTGA,0,ENSG00000197162,-1,-1,16,30582562,Automatically found
2941,ZNF787,GCGGTGGGGAGGGCCGGTAG,0,ENSG00000142409,-1,-1,19,56088025,Automatically found
2942,ZNF804A,GACTAGAAGAGAGGTTGCAA,0,ENSG00000170396,1,-1,2,184939011,Automatically found
2943,ZNF804A,TATGGTGATGACTAGAAGAG,0,ENSG00000170396,1,-1,2,184939020,Automatically found
2944,ZNF808,ATCAGGCAATTCATGGTATA,0,ENSG00000198482,1,1,19,52555610,Automatically found
2945,ZNF813,CCACACTCATTAAACTTGTA,0,ENSG00000198346,1,-1,19,53492053,Automatically found
2946,ZNF814,TTGTACACCAGAGTTCACAC,0,ENSG00000204514,-1,-1,19,57872842,Automatically found
2947,ZNF816,ATCAAGCAATCCATGGGTGT,0,ENSG00000180257,-1,-1,19,52949842,Automatically found
2948,ZNF827,TTTGCCGTAGCTCAGGACAG,0,ENSG00000151612,-1,-1,4,145763115,Automatically found
2949,ZNF835,TAATCTTCTGCTGGTCCACG,0,ENSG00000127903,-1,1,19,56663602,Automatically found
2950,ZNF835,CTCAGCTCTTAATCTTCTGC,0,ENSG00000127903,-1,1,19,56663593,Automatically found
2951,ZNF841,TGAGTAAGTATAAATTATTT,0,ENSG00000197608,-1,1,19,52065109,Automatically found
2952,ZNF844,TTCCTTTCGTAGACATAAAA,0,ENSG00000223547,1,1,19,12077100,Automatically found
2953,ZNF852,AGAAGCCCTCAGGTCTGGCT,0,ENSG00000178917,-1,-1,3,44499199,Automatically found
2954,ZNF853,CCGCAGACAAGGCGCTGTGA,0,ENSG00000236609,1,1,7,6622968,Automatically found
2955,ZNF860,GTGGCAAGGTCTTCAGTTAG,0,ENSG00000197385,1,1,3,31990975,Automatically found
2956,ZNF878,CAATCCTTCAAAAGCATGTA,0,ENSG00000257446,-1,-1,19,12043825,Automatically found
2957,ZNF879,CATCTCTTACTAATCATCAA,0,ENSG00000234284,1,1,5,179033622,Automatically found
2958,ZNF880,CCACACACATTTCATCTGTA,0,ENSG00000221923,1,-1,19,52385308,Automatically found
2959,ZNF93,TCATGTCTACTAAGGCTTGA,0,ENSG00000184635,1,-1,19,19934773,Automatically found
2960,ZSCAN18,GCGGCTCACCTCTGCGCCTC,0,ENSG00000121413,-1,1,19,58084696,Automatically found
2961,ZSCAN18,CCGCACCCCCAGAGGCGCAG,0,ENSG00000121413,-1,-1,19,58084693,Automatically found
2962,ZSCAN20,CAGGAGGGAAGGCGTCGTAG,0,ENSG00000121903,1,1,1,33495473,Automatically found
2963,ZSCAN23,AGCTAGCTTGATTCAGCCAC,0,ENSG00000187987,-1,1,6,28434479,Automatically found
2964,ZSCAN25,TGCTATGCTCACTGCACCAG,0,ENSG00000197037,1,-1,7,99630011,Automatically found
2965,ZSCAN29,ATATCCTCAGGGGCTTACTT,0,ENSG00000140265,-1,1,15,43361075,Automatically found
2966,ZSCAN31,ACACTGGAGAGAGACCATAA,0,ENSG00000235109,-1,-1,6,28326168,Automatically found
2967,ZSCAN4,CCAGCAGCTTAGGAAGCTTC,0,ENSG00000180532,1,-1,19,57678896,Automatically found
2968,ZSCAN5A,AATCACTGAGAAGTAGCTTC,0,ENSG00000131848,-1,1,19,56221589,Automatically found
2969,ZXDC,ACCTGCAGGATCTGCAGTGA,0,ENSG00000070476,-1,-1,3,126438377,Automatically found
2970,ZZZ3,CTTCCATGTCATCTGTTTGC,0,ENSG00000036549,-1,1,1,77565648,Automatically found
